<?xml version="1.0" encoding="UTF-8"?>
<folder exportedWithPermissions="false"><parent>/public/Samples</parent><name>VisualizeJS</name><label>VisualizeJS</label><description></description><creationDate>2014-02-24T08:24:07.774-06:00</creationDate><updateDate>2014-02-17T07:52:28.773-06:00</updateDate><resource>AccountList</resource><resource>Cities</resource><resource>SalesPerCity</resource><resource>SalesPerCityReport</resource><resource>States</resource><resource>StatesJFC</resource><resource>StoreDetails</resource></folder>