<?xml version="1.0" encoding="UTF-8"?>
<folder exportedWithPermissions="false"><parent>/public/Samples</parent><name>VisualizeJS</name><label>VisualizeJS</label><description></description><creationDate>2014-04-18T13:26:45.340-07:00</creationDate><updateDate>2014-02-17T05:52:28.773-08:00</updateDate><resource>AccountList</resource><resource>Cities</resource><resource>SalesPerCity</resource><resource>SalesPerCityReport</resource><resource>States</resource><resource>StatesJFC</resource><resource>StoreDetails</resource></folder>