<?xml version="1.0" encoding="UTF-8"?>
<reportUnit exportedWithPermissions="false"><folder>/public/Samples/VisualizeJS</folder><name>AccountList</name><version>0</version><label>Account List</label><description></description><creationDate>2014-04-18T13:26:45.433-07:00</creationDate><updateDate>2014-02-24T03:34:10.390-08:00</updateDate><mainReport><localResource xmlns:xsi="http://www.w3.org/2001/XMLSchema-instance" exportedWithPermissions="false" dataFile="main_jrxml.data" xsi:type="fileResource"><folder>/public/Samples/VisualizeJS/AccountList_files</folder><name>main_jrxml</name><version>0</version><label>Main jrxml</label><creationDate>2014-04-18T13:26:45.433-07:00</creationDate><updateDate>2014-02-24T00:57:08.538-08:00</updateDate><fileType>jrxml</fileType></localResource></mainReport><dataSource><uri>/public/Samples/Data_Sources/FoodmartDataSourceJNDI</uri></dataSource><alwaysPromptControls>false</alwaysPromptControls><controlsLayout>1</controlsLayout></reportUnit>