<?xml version="1.0" encoding="UTF-8"?>
<reportUnit exportedWithPermissions="false"><folder>/public/Samples/VisualizeJS</folder><name>AccountList</name><version>0</version><label>Account List</label><description></description><creationDate>2014-02-24T08:24:08.015-06:00</creationDate><updateDate>2014-02-24T05:34:10.390-06:00</updateDate><mainReport><localResource xmlns:xsi="http://www.w3.org/2001/XMLSchema-instance" exportedWithPermissions="false" dataFile="main_jrxml.data" xsi:type="fileResource"><folder>/public/Samples/VisualizeJS/AccountList_files</folder><name>main_jrxml</name><version>0</version><label>Main jrxml</label><creationDate>2014-02-24T08:24:08.015-06:00</creationDate><updateDate>2014-02-24T02:57:08.538-06:00</updateDate><fileType>jrxml</fileType></localResource></mainReport><dataSource><uri>/public/Samples/Data_Sources/FoodmartDataSourceJNDI</uri></dataSource><alwaysPromptControls>false</alwaysPromptControls><controlsLayout>1</controlsLayout></reportUnit>