<?xml version="1.0" encoding="UTF-8"?>
<reportUnit exportedWithPermissions="false"><folder>/public/Samples/VisualizeJS</folder><name>Cities</name><version>0</version><label>Cities</label><description></description><creationDate>2014-04-21T08:23:57.462-07:00</creationDate><updateDate>2014-04-19T08:38:58.298-07:00</updateDate><mainReport><localResource xmlns:xsi="http://www.w3.org/2001/XMLSchema-instance" exportedWithPermissions="false" dataFile="main_jrxml.data" xsi:type="fileResource"><folder>/public/Samples/VisualizeJS/Cities_files</folder><name>main_jrxml</name><version>0</version><label>Main jrxml</label><creationDate>2014-04-21T08:23:57.462-07:00</creationDate><updateDate>2014-02-17T06:07:42.423-08:00</updateDate><fileType>jrxml</fileType></localResource></mainReport><dataSource><uri>/public/Samples/Data_Sources/FoodmartDataSourceJNDI</uri></dataSource><inputControl><localResource xmlns:xsi="http://www.w3.org/2001/XMLSchema-instance" exportedWithPermissions="false" xsi:type="inputControl"><folder>/public/Samples/VisualizeJS/Cities_files</folder><name>state</name><version>0</version><label>state</label><creationDate>2014-04-21T08:23:57.462-07:00</creationDate><updateDate>2014-04-19T08:38:58.298-07:00</updateDate><type>2</type><mandatory>false</mandatory><readOnly>false</readOnly><visible>true</visible><dataType><localResource exportedWithPermissions="false" xsi:type="dataType"><folder>/public/Samples/VisualizeJS/Cities_files/state_files</folder><name>myDatatype</name><version>0</version><label>myDatatype</label><creationDate>2014-04-21T08:23:57.462-07:00</creationDate><updateDate>2014-04-19T08:38:58.298-07:00</updateDate><type>1</type><strictMin>false</strictMin><strictMax>false</strictMax></localResource></dataType></localResource></inputControl><alwaysPromptControls>false</alwaysPromptControls><controlsLayout>1</controlsLayout></reportUnit>