<?xml version="1.0" encoding="UTF-8"?>
<reportUnit exportedWithPermissions="false"><folder>/public/Samples/VisualizeJS</folder><name>StatesJFC</name><version>1</version><label>StatesJFC</label><description></description><creationDate>2014-04-18T13:26:45.870-07:00</creationDate><updateDate>2014-04-19T07:40:22.803-07:00</updateDate><mainReport><localResource xmlns:xsi="http://www.w3.org/2001/XMLSchema-instance" exportedWithPermissions="false" dataFile="main_jrxml.data" xsi:type="fileResource"><folder>/public/Samples/VisualizeJS/StatesJFC_files</folder><name>main_jrxml</name><version>1</version><label>Main jrxml</label><creationDate>2014-04-18T13:26:45.870-07:00</creationDate><updateDate>2014-02-17T07:30:58.862-08:00</updateDate><fileType>jrxml</fileType></localResource></mainReport><dataSource><uri>/public/Samples/Data_Sources/FoodmartDataSourceJNDI</uri></dataSource><alwaysPromptControls>false</alwaysPromptControls><controlsLayout>1</controlsLayout></reportUnit>