<?xml version="1.0" encoding="UTF-8"?>
<reportUnit exportedWithPermissions="false"><folder>/public/Samples/VisualizeJS</folder><name>StoreDetails</name><version>0</version><label>Store Details</label><description></description><creationDate>2014-02-24T08:24:08.569-06:00</creationDate><updateDate>2014-02-24T05:48:47.522-06:00</updateDate><mainReport><localResource xmlns:xsi="http://www.w3.org/2001/XMLSchema-instance" exportedWithPermissions="false" dataFile="main_jrxml.data" xsi:type="fileResource"><folder>/public/Samples/VisualizeJS/StoreDetails_files</folder><name>main_jrxml</name><version>0</version><label>Main jrxml</label><creationDate>2014-02-24T08:24:08.569-06:00</creationDate><updateDate>2014-02-24T03:51:45.821-06:00</updateDate><fileType>jrxml</fileType></localResource></mainReport><dataSource><uri>/public/Samples/Data_Sources/FoodmartDataSourceJNDI</uri></dataSource><inputControl><localResource xmlns:xsi="http://www.w3.org/2001/XMLSchema-instance" exportedWithPermissions="false" xsi:type="inputControl"><folder>/public/Samples/VisualizeJS/StoreDetails_files</folder><name>parStoreId</name><version>0</version><label>parStoreId</label><creationDate>2014-02-24T08:24:08.569-06:00</creationDate><updateDate>2014-02-24T05:48:47.522-06:00</updateDate><type>2</type><mandatory>false</mandatory><readOnly>false</readOnly><visible>true</visible><dataType><localResource exportedWithPermissions="false" xsi:type="dataType"><folder>/public/Samples/VisualizeJS/StoreDetails_files/parStoreId_files</folder><name>myDatatype</name><version>0</version><label>myDatatype</label><creationDate>2014-02-24T08:24:08.569-06:00</creationDate><updateDate>2014-02-24T05:48:47.522-06:00</updateDate><type>2</type><strictMin>false</strictMin><strictMax>false</strictMax></localResource></dataType></localResource></inputControl><alwaysPromptControls>false</alwaysPromptControls><controlsLayout>1</controlsLayout></reportUnit>