<?xml version="1.0" encoding="UTF-8"?>
<reportUnit exportedWithPermissions="false"><folder>/public/Samples/VisualizeJS</folder><name>StatesJFC</name><version>8</version><label>StatesJFC</label><description></description><creationDate>2014-02-17T17:30:58.862Z</creationDate><updateDate>2014-02-21T17:43:16.284Z</updateDate><mainReport><localResource xmlns:xsi="http://www.w3.org/2001/XMLSchema-instance" exportedWithPermissions="false" dataFile="main_jrxml.data" xsi:type="fileResource"><folder>/public/Samples/VisualizeJS/StatesJFC_files</folder><name>main_jrxml</name><version>8</version><label>Main jrxml</label><creationDate>2014-02-17T17:30:58.862Z</creationDate><updateDate>2014-02-17T17:30:58.862Z</updateDate><fileType>jrxml</fileType></localResource></mainReport><dataSource><uri>/public/Samples/Data_Sources/FoodmartDataSourceJNDI</uri></dataSource><alwaysPromptControls>false</alwaysPromptControls><controlsLayout>1</controlsLayout></reportUnit>