<?xml version="1.0" encoding="UTF-8"?>
<reportUnit exportedWithPermissions="false"><folder>/public/Samples/VisualizeJS</folder><name>States</name><version>1</version><label>States</label><description></description><creationDate>2014-02-17T15:53:29.574Z</creationDate><updateDate>2014-02-17T17:00:02.171Z</updateDate><mainReport><localResource xmlns:xsi="http://www.w3.org/2001/XMLSchema-instance" exportedWithPermissions="false" dataFile="main_jrxml.data" xsi:type="fileResource"><folder>/public/Samples/VisualizeJS/States_files</folder><name>main_jrxml</name><version>1</version><label>Main jrxml</label><creationDate>2014-02-17T15:53:29.574Z</creationDate><updateDate>2014-02-17T15:53:29.574Z</updateDate><fileType>jrxml</fileType></localResource></mainReport><dataSource><uri>/public/Samples/Data_Sources/FoodmartDataSourceJNDI</uri></dataSource><alwaysPromptControls>false</alwaysPromptControls><controlsLayout>1</controlsLayout></reportUnit>