<?xml version="1.0" encoding="UTF-8"?>
<adhocDataView exportedWithPermissions="false"><folder>/public/Samples/Ad_Hoc_Views</folder><name>02__Sales_Mix_by_Demographic</name><version>0</version><label>02. Sales Mix by Demographic</label><description>Sample HTML5 Spider Line chart from OLAP source</description><creationDate>2014-06-04T16:43:49.554-04:00</creationDate><updateDate>2014-04-25T12:05:59.578-04:00</updateDate><dataSource><uri>/public/Samples/Data_Sources/connections/Foodmart2013</uri></dataSource><resource><localResource xmlns:xsi="http://www.w3.org/2001/XMLSchema-instance" exportedWithPermissions="false" dataFile="topicJRXML.data" xsi:type="fileResource"><folder>/public/Samples/Ad_Hoc_Views/02__Sales_Mix_by_Demographic_files</folder><name>topicJRXML</name><version>0</version><label>topicJRXML</label><creationDate>2014-06-04T16:43:49.554-04:00</creationDate><updateDate>2014-04-25T11:57:43.702-04:00</updateDate><fileType>jrxml</fileType></localResource></resource><resource><localResource xmlns:xsi="http://www.w3.org/2001/XMLSchema-instance" exportedWithPermissions="false" dataFile="stateXML.data" xsi:type="fileResource"><folder>/public/Samples/Ad_Hoc_Views/02__Sales_Mix_by_Demographic_files</folder><name>stateXML</name><version>0</version><label>stateXML</label><creationDate>2014-06-04T16:43:49.554-04:00</creationDate><updateDate>2014-04-25T11:57:43.702-04:00</updateDate><fileType>xml</fileType></localResource></resource><alwaysPromptControls>false</alwaysPromptControls><controlsLayout>1</controlsLayout></adhocDataView>