<?xml version="1.0" encoding="UTF-8"?>
<adhocDataView exportedWithPermissions="false"><folder>/public/Samples/Ad_Hoc_Views</folder><name>Employee_View</name><version>2</version><label>Employee View</label><description></description><creationDate>2014-06-26T10:57:21.842-04:00</creationDate><updateDate>2014-06-27T13:42:09.940-04:00</updateDate><dataSource><uri>/organizations/organization_1/Domains/supermartDomain</uri></dataSource><inputControl><localResource xmlns:xsi="http://www.w3.org/2001/XMLSchema-instance" exportedWithPermissions="false" xsi:type="inputControl"><folder>/public/Samples/Ad_Hoc_Views/Employee_View_files</folder><name>employee__department_description_1</name><version>1</version><label>$R{supermart.department.department_description.label}</label><creationDate>2014-06-27T13:42:09.940-04:00</creationDate><updateDate>2014-06-27T13:42:09.940-04:00</updateDate><type>7</type><mandatory>false</mandatory><readOnly>false</readOnly><visible>true</visible><query><localResource exportedWithPermissions="false" xsi:type="query"><folder>/public/Samples/Ad_Hoc_Views/Employee_View_files/employee__department_description_1_files</folder><name>employee__department_description_1</name><version>0</version><label>$R{supermart.department.department_description.label}</label><creationDate>2014-06-27T13:42:09.940-04:00</creationDate><updateDate>2014-06-27T13:42:09.940-04:00</updateDate><language>domain</language><queryString>&lt;?xml version="1.0" encoding="UTF-8"?&gt;
&lt;query xmlns="http://www.jaspersoft.com/2007/SL/XMLSchema"&gt;
  &lt;groupList&gt;
    &lt;group columnName="employee.employee__department_description" /&gt;
  &lt;/groupList&gt;
  &lt;queryFields&gt;
    &lt;queryField id="department4.department_description" /&gt;
    &lt;queryField id="employee.employee__department_description" /&gt;
  &lt;/queryFields&gt;
&lt;/query&gt;

</queryString><dataSource><uri>/organizations/organization_1/Domains/supermartDomain</uri></dataSource></localResource></query><queryVisibleColumn>employee.employee__department_description</queryVisibleColumn><queryValueColumn>employee.employee__department_description</queryValueColumn></localResource></inputControl><inputControl><localResource xmlns:xsi="http://www.w3.org/2001/XMLSchema-instance" exportedWithPermissions="false" xsi:type="inputControl"><folder>/public/Samples/Ad_Hoc_Views/Employee_View_files</folder><name>employee__employee_private__education_level_1</name><version>1</version><label>$R{supermart.employee.education_level.label}</label><creationDate>2014-06-27T13:42:09.940-04:00</creationDate><updateDate>2014-06-27T13:42:09.940-04:00</updateDate><type>4</type><mandatory>false</mandatory><readOnly>false</readOnly><visible>true</visible><query><localResource exportedWithPermissions="false" xsi:type="query"><folder>/public/Samples/Ad_Hoc_Views/Employee_View_files/employee__employee_private__education_level_1_files</folder><name>employee__employee_private__education_level_1</name><version>0</version><label>$R{supermart.employee.education_level.label}</label><creationDate>2014-06-27T13:42:09.940-04:00</creationDate><updateDate>2014-06-27T13:42:09.940-04:00</updateDate><language>domain</language><queryString>&lt;?xml version="1.0" encoding="UTF-8"?&gt;
&lt;query xmlns="http://www.jaspersoft.com/2007/SL/XMLSchema"&gt;
  &lt;groupList&gt;
    &lt;group columnName="employee.employee__employee_private.employee__employee_private__education_level" /&gt;
  &lt;/groupList&gt;
  &lt;queryFields&gt;
    &lt;queryField id="employee.employee__employee_private.employee__employee_private__education_level" /&gt;
    &lt;queryField id="employee4.education_level" /&gt;
  &lt;/queryFields&gt;
&lt;/query&gt;

</queryString><dataSource><uri>/organizations/organization_1/Domains/supermartDomain</uri></dataSource></localResource></query><queryVisibleColumn>employee.employee__employee_private.employee__employee_private__education_level</queryVisibleColumn><queryValueColumn>employee.employee__employee_private.employee__employee_private__education_level</queryValueColumn></localResource></inputControl><resource><localResource xmlns:xsi="http://www.w3.org/2001/XMLSchema-instance" exportedWithPermissions="false" dataFile="supermart_domain.properties.data" xsi:type="fileResource"><folder>/public/Samples/Ad_Hoc_Views/Employee_View_files</folder><name>supermart_domain.properties</name><version>1</version><label>bundle</label><description>bundle</description><creationDate>2014-06-27T13:42:09.940-04:00</creationDate><updateDate>2014-06-27T13:42:09.940-04:00</updateDate><fileType>prop</fileType></localResource></resource><resource><localResource xmlns:xsi="http://www.w3.org/2001/XMLSchema-instance" exportedWithPermissions="false" dataFile="supermart_domain_en_US.properties.data" xsi:type="fileResource"><folder>/public/Samples/Ad_Hoc_Views/Employee_View_files</folder><name>supermart_domain_en_US.properties</name><version>1</version><label>bundle</label><description>bundle</description><creationDate>2014-06-27T13:42:09.940-04:00</creationDate><updateDate>2014-06-27T13:42:09.940-04:00</updateDate><fileType>prop</fileType></localResource></resource><resource><localResource xmlns:xsi="http://www.w3.org/2001/XMLSchema-instance" exportedWithPermissions="false" dataFile="supermart_domain_de.properties.data" xsi:type="fileResource"><folder>/public/Samples/Ad_Hoc_Views/Employee_View_files</folder><name>supermart_domain_de.properties</name><version>1</version><label>bundle</label><description>bundle</description><creationDate>2014-06-27T13:42:09.940-04:00</creationDate><updateDate>2014-06-27T13:42:09.940-04:00</updateDate><fileType>prop</fileType></localResource></resource><resource><localResource xmlns:xsi="http://www.w3.org/2001/XMLSchema-instance" exportedWithPermissions="false" dataFile="supermart_domain_fr.properties.data" xsi:type="fileResource"><folder>/public/Samples/Ad_Hoc_Views/Employee_View_files</folder><name>supermart_domain_fr.properties</name><version>1</version><label>bundle</label><description>bundle</description><creationDate>2014-06-27T13:42:09.940-04:00</creationDate><updateDate>2014-06-27T13:42:09.940-04:00</updateDate><fileType>prop</fileType></localResource></resource><resource><localResource xmlns:xsi="http://www.w3.org/2001/XMLSchema-instance" exportedWithPermissions="false" dataFile="supermart_domain_es.properties.data" xsi:type="fileResource"><folder>/public/Samples/Ad_Hoc_Views/Employee_View_files</folder><name>supermart_domain_es.properties</name><version>1</version><label>bundle</label><description>bundle</description><creationDate>2014-06-27T13:42:09.940-04:00</creationDate><updateDate>2014-06-27T13:42:09.940-04:00</updateDate><fileType>prop</fileType></localResource></resource><resource><localResource xmlns:xsi="http://www.w3.org/2001/XMLSchema-instance" exportedWithPermissions="false" dataFile="supermart_domain_ja.properties.data" xsi:type="fileResource"><folder>/public/Samples/Ad_Hoc_Views/Employee_View_files</folder><name>supermart_domain_ja.properties</name><version>1</version><label>bundle</label><description>bundle</description><creationDate>2014-06-27T13:42:09.940-04:00</creationDate><updateDate>2014-06-27T13:42:09.940-04:00</updateDate><fileType>prop</fileType></localResource></resource><resource><localResource xmlns:xsi="http://www.w3.org/2001/XMLSchema-instance" exportedWithPermissions="false" dataFile="supermart_domain_zh_CN.properties.data" xsi:type="fileResource"><folder>/public/Samples/Ad_Hoc_Views/Employee_View_files</folder><name>supermart_domain_zh_CN.properties</name><version>1</version><label>bundle</label><description>bundle</description><creationDate>2014-06-27T13:42:09.940-04:00</creationDate><updateDate>2014-06-27T13:42:09.940-04:00</updateDate><fileType>prop</fileType></localResource></resource><resource><localResource xmlns:xsi="http://www.w3.org/2001/XMLSchema-instance" exportedWithPermissions="false" dataFile="topicJRXML.data" xsi:type="fileResource"><folder>/public/Samples/Ad_Hoc_Views/Employee_View_files</folder><name>topicJRXML</name><version>1</version><label>topicJRXML</label><creationDate>2014-06-27T13:42:09.940-04:00</creationDate><updateDate>2014-06-27T13:42:09.940-04:00</updateDate><fileType>jrxml</fileType></localResource></resource><resource><localResource xmlns:xsi="http://www.w3.org/2001/XMLSchema-instance" exportedWithPermissions="false" dataFile="stateXML.data" xsi:type="fileResource"><folder>/public/Samples/Ad_Hoc_Views/Employee_View_files</folder><name>stateXML</name><version>1</version><label>stateXML</label><creationDate>2014-06-27T13:42:09.940-04:00</creationDate><updateDate>2014-06-27T13:42:09.940-04:00</updateDate><fileType>xml</fileType></localResource></resource><alwaysPromptControls>false</alwaysPromptControls><controlsLayout>1</controlsLayout></adhocDataView>