<?xml version="1.0" encoding="UTF-8"?>
<secureMondrianConnection exportedWithPermissions="false"><folder>/public/Samples/Data_Sources/connections</folder><name>Foodmart2013</name><version>0</version><label>Foodmart</label><description></description><creationDate>2014-06-04T16:43:49.536-04:00</creationDate><updateDate>2013-04-10T17:26:11.954-04:00</updateDate><schema><uri>/public/Samples/OLAP/Schemas/FoodmartSchema2013.xml</uri></schema><dataSource><uri>/public/Samples/Data_Sources/FoodmartDataSourceJNDI</uri></dataSource></secureMondrianConnection>