<?xml version="1.0" encoding="UTF-8"?>
<folder exportedWithPermissions="false"><parent>/public</parent><name>Dashboard_Reports</name><label>Dashboard Reports</label><description></description><creationDate>2014-06-20T13:36:00.249-04:00</creationDate><updateDate>2014-06-20T13:36:00.249-04:00</updateDate><resource>01._Geographic_Results_by_Segment_Report</resource><resource>02._Sales_Mix_by_Demographic_Report</resource><resource>03._Store_Segment_Performance_Report</resource><resource>07._Brand_Sales_Analysis_Report</resource><resource>09._Store_Segment_Performance_Report</resource><resource>20.3_SalesPerCityReport</resource><resource>Eployee_Report</resource><resource>Units_Ordered_Report</resource><resource>Units_Ordered_View</resource></folder>