<?xml version="1.0" encoding="UTF-8"?>
<reportUnit exportedWithPermissions="false"><folder>/public/Dashboard_Reports</folder><name>Units_Ordered_Report</name><version>0</version><label>Units Ordered Report</label><description></description><creationDate>2014-06-27T21:43:09.198-04:00</creationDate><updateDate>2014-06-27T21:43:09.198-04:00</updateDate><mainReport><localResource xmlns:xsi="http://www.w3.org/2001/XMLSchema-instance" exportedWithPermissions="false" dataFile="mainReportJrxml.data" xsi:type="fileResource"><folder>/public/Dashboard_Reports/Units_Ordered_Report_files</folder><name>mainReportJrxml</name><version>0</version><label>mainReportJrxml</label><creationDate>2014-06-27T21:43:09.198-04:00</creationDate><updateDate>2014-06-27T21:43:09.198-04:00</updateDate><fileType>jrxml</fileType></localResource></mainReport><dataSource><uri>/public/Dashboard_Reports/Units_Ordered_View</uri></dataSource><resource><localResource xmlns:xsi="http://www.w3.org/2001/XMLSchema-instance" exportedWithPermissions="false" dataFile="supermart_domain.properties.data" xsi:type="fileResource"><folder>/public/Dashboard_Reports/Units_Ordered_Report_files</folder><name>supermart_domain.properties</name><version>0</version><label>bundle</label><description>bundle</description><creationDate>2014-06-27T21:43:09.198-04:00</creationDate><updateDate>2014-06-27T21:43:09.198-04:00</updateDate><fileType>prop</fileType></localResource></resource><resource><localResource xmlns:xsi="http://www.w3.org/2001/XMLSchema-instance" exportedWithPermissions="false" dataFile="supermart_domain_en_US.properties.data" xsi:type="fileResource"><folder>/public/Dashboard_Reports/Units_Ordered_Report_files</folder><name>supermart_domain_en_US.properties</name><version>0</version><label>bundle</label><description>bundle</description><creationDate>2014-06-27T21:43:09.198-04:00</creationDate><updateDate>2014-06-27T21:43:09.198-04:00</updateDate><fileType>prop</fileType></localResource></resource><resource><localResource xmlns:xsi="http://www.w3.org/2001/XMLSchema-instance" exportedWithPermissions="false" dataFile="supermart_domain_de.properties.data" xsi:type="fileResource"><folder>/public/Dashboard_Reports/Units_Ordered_Report_files</folder><name>supermart_domain_de.properties</name><version>0</version><label>bundle</label><description>bundle</description><creationDate>2014-06-27T21:43:09.198-04:00</creationDate><updateDate>2014-06-27T21:43:09.198-04:00</updateDate><fileType>prop</fileType></localResource></resource><resource><localResource xmlns:xsi="http://www.w3.org/2001/XMLSchema-instance" exportedWithPermissions="false" dataFile="supermart_domain_fr.properties.data" xsi:type="fileResource"><folder>/public/Dashboard_Reports/Units_Ordered_Report_files</folder><name>supermart_domain_fr.properties</name><version>0</version><label>bundle</label><description>bundle</description><creationDate>2014-06-27T21:43:09.198-04:00</creationDate><updateDate>2014-06-27T21:43:09.198-04:00</updateDate><fileType>prop</fileType></localResource></resource><resource><localResource xmlns:xsi="http://www.w3.org/2001/XMLSchema-instance" exportedWithPermissions="false" dataFile="supermart_domain_es.properties.data" xsi:type="fileResource"><folder>/public/Dashboard_Reports/Units_Ordered_Report_files</folder><name>supermart_domain_es.properties</name><version>0</version><label>bundle</label><description>bundle</description><creationDate>2014-06-27T21:43:09.198-04:00</creationDate><updateDate>2014-06-27T21:43:09.198-04:00</updateDate><fileType>prop</fileType></localResource></resource><resource><localResource xmlns:xsi="http://www.w3.org/2001/XMLSchema-instance" exportedWithPermissions="false" dataFile="supermart_domain_ja.properties.data" xsi:type="fileResource"><folder>/public/Dashboard_Reports/Units_Ordered_Report_files</folder><name>supermart_domain_ja.properties</name><version>0</version><label>bundle</label><description>bundle</description><creationDate>2014-06-27T21:43:09.198-04:00</creationDate><updateDate>2014-06-27T21:43:09.198-04:00</updateDate><fileType>prop</fileType></localResource></resource><resource><localResource xmlns:xsi="http://www.w3.org/2001/XMLSchema-instance" exportedWithPermissions="false" dataFile="supermart_domain_zh_CN.properties.data" xsi:type="fileResource"><folder>/public/Dashboard_Reports/Units_Ordered_Report_files</folder><name>supermart_domain_zh_CN.properties</name><version>0</version><label>bundle</label><description>bundle</description><creationDate>2014-06-27T21:43:09.198-04:00</creationDate><updateDate>2014-06-27T21:43:09.198-04:00</updateDate><fileType>prop</fileType></localResource></resource><resource><localResource xmlns:xsi="http://www.w3.org/2001/XMLSchema-instance" exportedWithPermissions="false" dataFile="stateXML.data" xsi:type="fileResource"><folder>/public/Dashboard_Reports/Units_Ordered_Report_files</folder><name>stateXML</name><version>0</version><label>stateXML</label><creationDate>2014-06-27T21:43:09.198-04:00</creationDate><updateDate>2014-06-27T21:43:09.198-04:00</updateDate><fileType>xml</fileType></localResource></resource><alwaysPromptControls>false</alwaysPromptControls><controlsLayout>1</controlsLayout></reportUnit>