<?xml version="1.0" encoding="UTF-8"?>
<adhocDataView exportedWithPermissions="false"><folder>/public/Dashboard_Reports</folder><name>Units_Ordered_View</name><version>0</version><label>Units Ordered View</label><description></description><creationDate>2014-06-27T21:43:06.770-04:00</creationDate><updateDate>2014-06-27T21:43:06.770-04:00</updateDate><dataSource><uri>/organizations/organization_1/Domains/supermartDomain</uri></dataSource><inputControl><localResource xmlns:xsi="http://www.w3.org/2001/XMLSchema-instance" exportedWithPermissions="false" xsi:type="inputControl"><folder>/public/Dashboard_Reports/Units_Ordered_View_files</folder><name>inv_store__store_type_1</name><version>0</version><label>$R{supermart.store.store_type.label}</label><creationDate>2014-06-27T21:43:06.770-04:00</creationDate><updateDate>2014-06-27T21:43:06.770-04:00</updateDate><type>7</type><mandatory>false</mandatory><readOnly>false</readOnly><visible>true</visible><query><localResource exportedWithPermissions="false" xsi:type="query"><folder>/public/Dashboard_Reports/Units_Ordered_View_files/inv_store__store_type_1_files</folder><name>inv_store__store_type_1</name><version>0</version><label>$R{supermart.store.store_type.label}</label><creationDate>2014-06-27T21:43:06.770-04:00</creationDate><updateDate>2014-06-27T21:43:06.770-04:00</updateDate><language>domain</language><queryString>&lt;?xml version="1.0" encoding="UTF-8"?&gt;
&lt;query xmlns="http://www.jaspersoft.com/2007/SL/XMLSchema"&gt;
  &lt;groupList&gt;
    &lt;group columnName="inventory_fact_ALL.inv_store.inv_store__store_type" /&gt;
  &lt;/groupList&gt;
  &lt;queryFields&gt;
    &lt;queryField id="inventory_fact_ALL.inv_store.inv_store__store_type" /&gt;
    &lt;queryField id="store2.store_type" /&gt;
  &lt;/queryFields&gt;
&lt;/query&gt;

</queryString><dataSource><uri>/organizations/organization_1/Domains/supermartDomain</uri></dataSource></localResource></query><queryVisibleColumn>inventory_fact_ALL.inv_store.inv_store__store_type</queryVisibleColumn><queryValueColumn>inventory_fact_ALL.inv_store.inv_store__store_type</queryValueColumn></localResource></inputControl><inputControl><localResource xmlns:xsi="http://www.w3.org/2001/XMLSchema-instance" exportedWithPermissions="false" xsi:type="inputControl"><folder>/public/Dashboard_Reports/Units_Ordered_View_files</folder><name>inv_store__region__sales_country_1</name><version>0</version><label>$R{supermart.region.sales_country.label}</label><creationDate>2014-06-27T21:43:06.770-04:00</creationDate><updateDate>2014-06-27T21:43:06.770-04:00</updateDate><type>7</type><mandatory>false</mandatory><readOnly>false</readOnly><visible>true</visible><query><localResource exportedWithPermissions="false" xsi:type="query"><folder>/public/Dashboard_Reports/Units_Ordered_View_files/inv_store__region__sales_country_1_files</folder><name>inv_store__region__sales_country_1</name><version>0</version><label>$R{supermart.region.sales_country.label}</label><creationDate>2014-06-27T21:43:06.770-04:00</creationDate><updateDate>2014-06-27T21:43:06.770-04:00</updateDate><language>domain</language><queryString>&lt;?xml version="1.0" encoding="UTF-8"?&gt;
&lt;query xmlns="http://www.jaspersoft.com/2007/SL/XMLSchema"&gt;
  &lt;groupList&gt;
    &lt;group columnName="inventory_fact_ALL.inv_store.inv_store__region.inv_store__region__sales_country" /&gt;
  &lt;/groupList&gt;
  &lt;queryFields&gt;
    &lt;queryField id="inventory_fact_ALL.inv_store.inv_store__region.inv_store__region__sales_country" /&gt;
    &lt;queryField id="region2.sales_country" /&gt;
  &lt;/queryFields&gt;
&lt;/query&gt;

</queryString><dataSource><uri>/organizations/organization_1/Domains/supermartDomain</uri></dataSource></localResource></query><queryVisibleColumn>inventory_fact_ALL.inv_store.inv_store__region.inv_store__region__sales_country</queryVisibleColumn><queryValueColumn>inventory_fact_ALL.inv_store.inv_store__region.inv_store__region__sales_country</queryValueColumn></localResource></inputControl><resource><localResource xmlns:xsi="http://www.w3.org/2001/XMLSchema-instance" exportedWithPermissions="false" dataFile="supermart_domain.properties.data" xsi:type="fileResource"><folder>/public/Dashboard_Reports/Units_Ordered_View_files</folder><name>supermart_domain.properties</name><version>0</version><label>bundle</label><description>bundle</description><creationDate>2014-06-27T21:43:06.770-04:00</creationDate><updateDate>2014-06-27T21:43:06.770-04:00</updateDate><fileType>prop</fileType></localResource></resource><resource><localResource xmlns:xsi="http://www.w3.org/2001/XMLSchema-instance" exportedWithPermissions="false" dataFile="supermart_domain_en_US.properties.data" xsi:type="fileResource"><folder>/public/Dashboard_Reports/Units_Ordered_View_files</folder><name>supermart_domain_en_US.properties</name><version>0</version><label>bundle</label><description>bundle</description><creationDate>2014-06-27T21:43:06.770-04:00</creationDate><updateDate>2014-06-27T21:43:06.770-04:00</updateDate><fileType>prop</fileType></localResource></resource><resource><localResource xmlns:xsi="http://www.w3.org/2001/XMLSchema-instance" exportedWithPermissions="false" dataFile="supermart_domain_de.properties.data" xsi:type="fileResource"><folder>/public/Dashboard_Reports/Units_Ordered_View_files</folder><name>supermart_domain_de.properties</name><version>0</version><label>bundle</label><description>bundle</description><creationDate>2014-06-27T21:43:06.770-04:00</creationDate><updateDate>2014-06-27T21:43:06.770-04:00</updateDate><fileType>prop</fileType></localResource></resource><resource><localResource xmlns:xsi="http://www.w3.org/2001/XMLSchema-instance" exportedWithPermissions="false" dataFile="supermart_domain_fr.properties.data" xsi:type="fileResource"><folder>/public/Dashboard_Reports/Units_Ordered_View_files</folder><name>supermart_domain_fr.properties</name><version>0</version><label>bundle</label><description>bundle</description><creationDate>2014-06-27T21:43:06.770-04:00</creationDate><updateDate>2014-06-27T21:43:06.770-04:00</updateDate><fileType>prop</fileType></localResource></resource><resource><localResource xmlns:xsi="http://www.w3.org/2001/XMLSchema-instance" exportedWithPermissions="false" dataFile="supermart_domain_es.properties.data" xsi:type="fileResource"><folder>/public/Dashboard_Reports/Units_Ordered_View_files</folder><name>supermart_domain_es.properties</name><version>0</version><label>bundle</label><description>bundle</description><creationDate>2014-06-27T21:43:06.770-04:00</creationDate><updateDate>2014-06-27T21:43:06.770-04:00</updateDate><fileType>prop</fileType></localResource></resource><resource><localResource xmlns:xsi="http://www.w3.org/2001/XMLSchema-instance" exportedWithPermissions="false" dataFile="supermart_domain_ja.properties.data" xsi:type="fileResource"><folder>/public/Dashboard_Reports/Units_Ordered_View_files</folder><name>supermart_domain_ja.properties</name><version>0</version><label>bundle</label><description>bundle</description><creationDate>2014-06-27T21:43:06.770-04:00</creationDate><updateDate>2014-06-27T21:43:06.770-04:00</updateDate><fileType>prop</fileType></localResource></resource><resource><localResource xmlns:xsi="http://www.w3.org/2001/XMLSchema-instance" exportedWithPermissions="false" dataFile="supermart_domain_zh_CN.properties.data" xsi:type="fileResource"><folder>/public/Dashboard_Reports/Units_Ordered_View_files</folder><name>supermart_domain_zh_CN.properties</name><version>0</version><label>bundle</label><description>bundle</description><creationDate>2014-06-27T21:43:06.770-04:00</creationDate><updateDate>2014-06-27T21:43:06.770-04:00</updateDate><fileType>prop</fileType></localResource></resource><resource><localResource xmlns:xsi="http://www.w3.org/2001/XMLSchema-instance" exportedWithPermissions="false" dataFile="topicJRXML.data" xsi:type="fileResource"><folder>/public/Dashboard_Reports/Units_Ordered_View_files</folder><name>topicJRXML</name><version>0</version><label>topicJRXML</label><creationDate>2014-06-27T21:43:06.770-04:00</creationDate><updateDate>2014-06-27T21:43:06.770-04:00</updateDate><fileType>jrxml</fileType></localResource></resource><resource><localResource xmlns:xsi="http://www.w3.org/2001/XMLSchema-instance" exportedWithPermissions="false" dataFile="stateXML.data" xsi:type="fileResource"><folder>/public/Dashboard_Reports/Units_Ordered_View_files</folder><name>stateXML</name><version>0</version><label>stateXML</label><creationDate>2014-06-27T21:43:06.770-04:00</creationDate><updateDate>2014-06-27T21:43:06.770-04:00</updateDate><fileType>xml</fileType></localResource></resource><alwaysPromptControls>false</alwaysPromptControls><controlsLayout>1</controlsLayout></adhocDataView>