<?xml version="1.0" encoding="UTF-8"?>
<folder exportedWithPermissions="true"><parent>/</parent><name>organizations</name><label>Organizations</label><description>Organizations</description><creationDate>2013-10-28T13:04:26.398-07:00</creationDate><updateDate>2013-10-24T06:05:37.376-07:00</updateDate><permission><permissionMask>1</permissionMask><recipient recipientType="role">ROLE_ADMINISTRATOR</recipient></permission><permission><permissionMask>2</permissionMask><recipient recipientType="role">ROLE_USER</recipient></permission></folder>