<?xml version="1.0" encoding="UTF-8"?>
<reportUnit exportedWithPermissions="true"><folder>/public</folder><name>SalesPerCityReport</name><version>0</version><label>SalesPerCityReport</label><description></description><creationDate>2013-11-19T14:35:17.260-08:00</creationDate><updateDate>2013-11-19T14:35:17.260-08:00</updateDate><mainReport><localResource xmlns:xsi="http://www.w3.org/2001/XMLSchema-instance" exportedWithPermissions="false" dataFile="mainReportJrxml.data" xsi:type="fileResource"><folder>/public/SalesPerCityReport_files</folder><name>mainReportJrxml</name><version>0</version><label>mainReportJrxml</label><creationDate>2013-11-19T14:35:17.260-08:00</creationDate><updateDate>2013-11-19T14:35:17.260-08:00</updateDate><fileType>jrxml</fileType></localResource></mainReport><dataSource><uri>/public/SalesPerCity</uri></dataSource><resource><localResource xmlns:xsi="http://www.w3.org/2001/XMLSchema-instance" exportedWithPermissions="false" dataFile="stateXML.data" xsi:type="fileResource"><folder>/public/SalesPerCityReport_files</folder><name>stateXML</name><version>0</version><label>stateXML</label><creationDate>2013-11-19T14:35:17.260-08:00</creationDate><updateDate>2013-11-19T14:35:17.260-08:00</updateDate><fileType>xml</fileType></localResource></resource><alwaysPromptControls>false</alwaysPromptControls><controlsLayout>1</controlsLayout></reportUnit>